No. Induk,NISN,Nama Siswa,Nama Panggilan,Kode Orang Tua
1331,3174009515,Gusti Ayu Ketut Mikayla Adinda Putri,mikayla,ORTU-FXCR
1332,3176814384,I Kadek Ananta Arya Putra Wiguna,ananta,ORTU-NTDZ
1333,3172543524,I Putu Ayodya Pratama,ayodya,ORTU-ERGQ
1334,3167185109,Ida Ayu Putu Cahaya Permata,cahaya,ORTU-KZVV
1335,3168560994,Ida Ayu Putu Registya Cahaya Putri,registya,ORTU-YYSF
1336,3160987291,Ida Bagus Nyoman Wahyu Prasetya,wahyu,ORTU-PDTE
1337,3163794766,Muhammad Okta Saputra,okta,ORTU-VUYE
1338,3161228450,Ni Kadek Jeni Arianti,jeni,ORTU-FARN
1339,3173440687,Ni Komang Ayu Anindya Sivani,sivani,ORTU-KXCJ
1340,3172484374,Ni Komang Julia Sri Cahaya,julia,ORTU-PLDE
1341,3175568060,Ni Made Frisha Padma,frisha,ORTU-JPUJ
1342,3178912780,Ni Made Keyla Pradnya Tanaya Putri,keyla,ORTU-DQLS